timestamp,AX_g,AY_g,AZ_g,GX_dps,GY_dps,GZ_dps
15:23:23.512,0.035,0.963,0.266,-2.305,-1.878,2.198
15:23:23.714,0.033,0.966,0.257,-2.099,-1.718,2.031
15:23:23.915,0.038,0.965,0.264,-2.305,-1.611,1.802
15:23:24.118,0.037,0.958,0.265,-2.198,-1.733,2.115
15:23:24.320,0.034,0.962,0.263,-2.107,-1.626,1.947
15:23:24.522,0.039,0.968,0.258,-2.473,-1.748,1.618
15:23:24.724,0.042,0.963,0.266,-2.053,-1.389,1.649
15:23:24.926,0.041,0.965,0.271,-2.206,-1.374,1.840
15:23:25.128,0.037,0.962,0.260,-1.939,-1.664,1.939
15:23:25.330,0.037,0.957,0.259,-2.344,-1.443,1.832
15:23:25.532,0.033,0.969,0.260,-2.603,-1.725,2.153
15:23:25.734,0.028,0.961,0.264,-2.275,-1.817,1.588
15:23:25.936,0.045,0.959,0.262,-2.168,-1.397,1.595
15:23:26.138,0.028,0.971,0.266,-2.092,-1.405,1.863
15:23:26.340,0.041,0.961,0.249,-2.290,-1.458,2.000
15:23:26.541,0.029,0.960,0.258,-2.313,-1.725,1.962
15:23:26.744,0.040,0.963,0.265,-2.237,-1.748,1.977
15:23:26.946,0.041,0.956,0.259,-2.527,-1.405,1.504
15:23:27.148,0.039,0.964,0.263,-2.359,-1.527,1.405
15:23:27.350,0.037,0.961,0.259,-2.427,-1.588,1.733
15:23:27.551,0.037,0.960,0.257,-2.504,-1.779,1.855
15:23:27.754,0.037,0.961,0.256,-2.359,-1.634,2.031
15:23:27.956,0.033,0.966,0.270,-2.458,-1.626,1.611
15:23:28.158,0.039,0.962,0.261,-2.313,-1.580,2.031
15:23:28.360,0.036,0.967,0.259,-2.496,-1.565,1.977
15:23:28.562,0.040,0.960,0.259,-2.267,-1.611,1.954
15:23:28.764,0.038,0.966,0.256,-2.328,-1.511,1.885
15:23:28.966,0.037,0.964,0.266,-2.435,-1.641,1.847
15:23:29.168,0.041,0.964,0.260,-2.229,-1.588,1.977
15:23:29.370,0.034,0.959,0.259,-2.107,-1.611,1.992
15:23:29.572,0.027,0.961,0.272,-2.557,-1.534,1.847
15:23:29.774,0.042,0.959,0.256,-2.122,-1.626,2.084
15:23:29.976,0.033,0.962,0.254,-2.015,-1.366,1.649
15:23:30.178,0.043,0.958,0.257,-2.198,-1.565,1.863
15:23:30.380,0.037,0.963,0.259,-2.435,-1.672,2.015
15:23:30.582,0.032,0.967,0.264,-2.229,-1.771,2.206
15:23:30.784,0.032,0.962,0.268,-2.427,-1.748,1.756
15:23:30.986,0.040,0.966,0.260,-2.229,-1.840,1.855
15:23:31.189,0.037,0.961,0.262,-2.183,-1.656,2.145
15:23:31.390,0.034,0.961,0.253,-2.573,-1.588,1.870
15:23:31.592,0.033,0.964,0.257,-2.328,-1.580,1.626
15:23:31.794,0.035,0.962,0.253,-2.275,-1.702,1.969
15:23:31.996,0.037,0.964,0.258,-2.038,-1.672,1.901
15:23:32.198,0.039,0.965,0.259,-2.214,-1.466,1.893
15:23:32.400,0.036,0.960,0.263,-2.290,-1.542,1.855
15:23:32.602,0.038,0.961,0.247,-2.840,-1.618,1.679
15:23:32.804,0.029,0.958,0.258,-2.282,-1.603,1.916
15:23:33.006,0.034,0.961,0.271,-2.183,-1.756,2.031
15:23:33.208,0.039,0.962,0.257,-2.084,-1.603,1.992
15:23:33.410,0.039,0.962,0.255,-2.313,-1.618,1.985
15:23:33.612,0.043,0.965,0.257,-2.275,-1.718,1.870
15:23:33.814,0.036,0.965,0.256,-2.321,-1.679,1.840
15:23:34.017,0.036,0.969,0.257,-2.214,-1.641,1.466
15:23:34.219,0.041,0.960,0.267,-2.137,-1.695,2.023
15:23:34.420,0.030,0.968,0.253,-2.435,-1.672,1.863
15:23:34.622,0.030,0.958,0.265,-2.267,-1.588,1.695
15:23:34.824,0.033,0.965,0.266,-2.366,-1.611,1.962
15:23:35.027,0.035,0.965,0.264,-2.481,-1.695,1.878
15:23:35.228,0.037,0.960,0.252,-1.992,-1.634,1.931
15:23:35.430,0.037,0.964,0.270,-2.389,-1.534,2.038
15:23:35.633,0.031,0.956,0.255,-2.366,-1.908,1.924
15:23:35.834,0.035,0.959,0.254,-2.420,-1.695,1.847
15:23:36.036,0.038,0.963,0.254,-2.489,-1.557,1.924
15:23:36.238,0.030,0.957,0.253,-2.198,-1.489,1.786
15:23:36.440,0.044,0.964,0.255,-2.305,-1.618,1.878
15:23:36.642,0.033,0.967,0.263,-2.382,-1.557,1.939
15:23:36.844,0.035,0.965,0.259,-2.198,-1.611,1.664
15:23:37.047,0.034,0.962,0.263,-2.168,-1.672,1.908
15:23:37.248,0.037,0.960,0.273,-2.229,-1.672,2.008
15:23:37.451,0.033,0.958,0.261,-2.603,-1.634,2.160
15:23:37.653,0.035,0.963,0.264,-2.282,-1.557,1.740
15:23:37.854,0.036,0.966,0.257,-2.237,-1.550,1.725
15:23:38.056,0.039,0.959,0.257,-2.412,-1.489,1.779
15:23:38.258,0.039,0.960,0.256,-2.489,-1.573,1.863
15:23:38.460,0.038,0.964,0.263,-2.176,-1.351,1.687
15:23:38.662,0.033,0.959,0.265,-2.366,-1.473,1.565
15:23:38.864,0.038,0.966,0.260,-2.473,-1.718,1.847
15:23:39.066,0.035,0.964,0.259,-2.344,-1.649,2.015
15:23:39.268,0.039,0.962,0.267,-2.237,-1.733,1.863
15:23:39.470,0.036,0.962,0.260,-2.359,-1.802,2.015
15:23:39.672,0.034,0.963,0.261,-2.466,-1.588,1.977
15:23:39.874,0.034,0.958,0.262,-2.344,-1.565,1.824
15:23:40.076,0.033,0.961,0.259,-2.191,-1.466,1.939
15:23:40.278,0.037,0.965,0.264,-2.473,-1.725,1.832
15:23:40.481,0.039,0.955,0.263,-2.366,-1.305,2.313
15:23:40.682,0.038,0.965,0.261,-2.389,-1.656,1.969
15:23:40.884,0.044,0.969,0.261,-2.344,-1.649,1.954
15:23:41.087,0.037,0.956,0.265,-2.206,-1.634,2.000
15:23:41.288,0.039,0.966,0.268,-2.298,-1.649,2.069
15:23:41.490,0.038,0.961,0.254,-2.267,-1.656,1.992
15:23:41.692,0.032,0.962,0.251,-2.443,-1.779,1.855
15:23:41.894,0.041,0.957,0.261,-2.397,-1.481,1.740
15:23:42.096,0.034,0.963,0.259,-2.427,-1.565,1.939
15:23:42.299,0.036,0.962,0.258,-2.237,-1.595,2.000
15:23:42.501,0.042,0.961,0.267,-2.481,-1.580,1.557
15:23:42.702,0.037,0.955,0.254,-2.183,-1.603,1.573
15:23:42.904,0.035,0.966,0.244,-2.267,-1.603,1.893
15:23:43.106,0.040,0.961,0.268,-2.412,-1.611,1.969
15:23:43.308,0.038,0.965,0.261,-2.321,-1.519,1.733
15:23:43.510,0.033,0.964,0.270,-2.405,-1.855,2.107
15:23:43.712,0.033,0.958,0.260,-2.519,-1.611,1.687
15:23:43.915,0.034,0.958,0.266,-2.115,-1.634,1.977
15:23:44.117,0.037,0.960,0.265,-2.168,-1.641,1.855
15:23:44.319,0.045,0.964,0.256,-2.115,-1.382,1.740
15:23:44.520,0.039,0.962,0.258,-2.237,-1.580,1.817
15:23:44.722,0.034,0.960,0.259,-2.527,-1.565,1.893
15:23:44.924,0.036,0.959,0.258,-2.397,-1.664,1.672
15:23:45.126,0.034,0.966,0.258,-2.557,-1.443,1.420
15:23:45.329,0.033,0.964,0.266,-2.328,-1.855,2.511
15:23:45.531,0.036,0.959,0.263,-2.130,-1.496,1.969
15:23:45.733,0.033,0.959,0.260,-2.305,-1.733,1.954
15:23:45.934,0.036,0.961,0.251,-2.237,-1.733,1.847
15:23:46.137,0.033,0.949,0.266,-2.366,-2.198,3.321
15:23:46.339,0.031,0.969,0.275,-2.527,-1.725,2.305
15:23:46.541,0.038,0.955,0.262,-1.313,-2.053,4.282
15:23:46.742,0.041,0.969,0.246,-1.695,-0.786,-0.328
15:23:46.945,0.040,0.971,0.252,-3.412,-1.931,1.969
15:23:47.147,0.036,0.946,0.269,-0.252,0.221,4.649
15:23:47.349,0.037,0.959,0.246,-1.939,-1.382,-1.649
15:23:47.551,0.035,0.958,0.254,-1.840,-1.595,2.336
15:23:47.753,0.033,0.958,0.262,-2.405,-1.435,1.718
15:23:47.955,0.026,0.966,0.247,0.092,-3.985,6.076
15:23:48.156,0.041,0.981,0.269,-2.489,-4.580,5.084
15:23:48.358,0.055,0.965,0.260,-5.771,-0.779,-1.870
15:23:48.560,-0.028,0.978,0.294,-11.855,1.634,-8.221
15:23:48.762,0.028,0.961,0.274,-2.695,-1.695,1.206
15:23:48.964,0.007,0.953,0.271,-5.298,0.550,-0.534
15:23:49.166,0.010,0.968,0.301,-3.153,-0.649,3.168
15:23:49.368,0.015,0.958,0.289,2.366,-2.771,4.168
15:23:49.571,0.022,0.958,0.284,-2.908,-1.214,1.573
15:23:49.772,0.011,0.953,0.285,-1.107,-1.756,2.374
15:23:49.974,0.014,0.958,0.297,-1.069,-2.008,2.336
15:23:50.177,0.021,0.955,0.292,-1.313,-1.908,2.618
15:23:50.379,0.011,0.955,0.299,-3.763,-1.466,-0.511
15:23:50.580,0.010,0.946,0.293,-6.412,-0.870,-1.458
15:23:50.782,0.012,0.940,0.299,0.847,-2.115,4.412
15:23:50.984,0.020,0.942,0.291,0.786,-2.542,4.435
15:23:51.186,0.024,0.956,0.278,-4.405,-1.046,0.931
15:23:51.388,0.026,0.955,0.277,-0.130,-2.038,4.267
15:23:51.590,0.026,0.955,0.285,-3.374,-1.634,1.076
15:23:51.792,0.012,0.955,0.289,-4.443,-1.229,0.160
15:23:51.995,0.025,0.950,0.284,-4.656,-1.275,0.290
15:23:52.196,0.025,0.958,0.293,-2.260,-1.748,2.885
15:23:52.399,0.022,0.958,0.275,-1.557,-1.794,2.282
15:23:52.601,0.031,0.957,0.282,-1.779,-1.588,2.389
15:23:52.802,0.022,0.959,0.269,-0.244,-1.748,3.115
15:23:53.004,0.026,0.963,0.285,-3.107,-1.458,1.656
15:23:53.206,0.028,0.964,0.274,-2.389,-1.847,1.588
15:23:53.409,0.016,0.953,0.283,-2.130,-1.779,2.145
15:23:53.610,0.023,0.955,0.284,-2.229,-1.656,1.824
15:23:53.813,0.016,0.956,0.282,-2.565,-1.718,1.924
15:23:54.014,0.017,0.956,0.285,-2.099,-1.672,2.275
15:23:54.217,0.027,0.950,0.279,-1.473,-0.840,1.763
15:23:54.419,0.057,0.962,0.259,5.221,-4.405,10.603
15:23:54.621,0.031,1.248,0.365,-86.336,-18.397,56.000
15:23:54.823,0.012,0.701,0.594,8.374,-62.695,-23.870
15:23:55.024,0.676,0.567,0.339,187.237,-44.817,-43.527
15:23:55.227,0.476,1.361,0.063,65.893,-24.939,8.389
15:23:55.429,0.696,0.896,0.205,74.214,4.817,42.786
15:23:55.631,0.544,1.030,0.161,-72.214,-83.534,7.282
15:23:55.833,0.013,0.058,0.315,-49.519,140.870,25.595
15:23:56.035,0.484,0.927,0.191,156.931,81.855,72.656
15:23:56.237,0.816,0.752,0.171,87.260,67.863,21.687
15:23:56.439,0.279,0.954,0.425,54.885,36.565,8.023
15:23:56.641,-0.084,0.899,0.418,-52.962,18.290,-20.809
15:23:56.843,-0.152,1.429,0.404,36.588,-158.382,-14.511
15:23:57.044,-0.471,1.850,0.589,8.336,-11.260,-14.924
15:23:57.247,0.104,0.920,0.285,37.954,-8.992,11.779
15:23:57.449,0.132,0.952,0.239,-4.840,-1.252,-1.679
15:23:57.651,0.131,0.967,0.219,2.176,-3.832,0.046
15:23:57.852,0.277,0.828,0.071,33.313,46.290,-1.046
15:23:58.055,0.029,1.054,0.276,-24.168,8.733,-22.573
15:23:58.257,0.048,0.964,0.281,-5.328,-0.611,-0.809
15:23:58.459,0.041,0.964,0.275,-1.031,0.122,0.977
15:23:58.660,0.025,0.970,0.267,-2.298,3.573,3.664
15:23:58.863,0.045,0.950,0.271,-3.168,-0.061,-0.473
15:23:59.065,0.029,0.959,0.270,-1.290,-1.435,-1.695
15:23:59.267,0.029,0.965,0.276,-2.328,-1.321,1.305
15:23:59.468,0.032,0.953,0.265,-0.985,-1.679,1.061
15:23:59.671,0.022,0.960,0.260,-1.260,-1.794,2.221
15:23:59.873,0.019,0.959,0.265,-2.420,-1.313,1.298
15:24:00.074,0.029,0.958,0.269,-2.237,-1.748,1.802
15:24:00.277,0.027,0.958,0.265,-2.053,-1.573,2.099
15:24:00.478,0.026,0.965,0.261,-2.115,-1.710,1.702
15:24:00.681,0.025,0.958,0.268,-2.450,-1.435,2.107
15:24:00.883,0.023,0.964,0.263,-2.359,-1.397,1.847
15:24:01.085,0.021,0.961,0.263,-2.160,-1.473,1.740
15:24:01.287,0.025,0.961,0.257,-2.840,-1.687,1.763
15:24:01.489,0.027,0.964,0.254,-2.588,-1.740,1.496
15:24:01.691,-0.037,1.000,0.283,-0.069,-2.412,2.840
15:24:01.893,0.021,0.956,0.278,-2.115,-1.168,1.031
15:24:02.095,0.036,0.942,0.274,4.649,-3.718,3.588
15:24:02.297,0.012,0.962,0.274,1.137,-2.489,5.985
15:24:02.498,0.011,0.963,0.275,0.069,-1.847,0.183
15:24:02.700,0.034,1.002,0.219,21.634,-3.176,9.947
15:24:02.903,0.170,1.184,0.061,-8.420,3.763,49.244
15:24:03.105,0.027,1.292,-0.068,79.595,-43.382,-23.221
15:24:03.307,0.362,0.939,-0.228,15.809,-46.237,45.634
15:24:03.509,0.323,0.954,-0.018,-16.321,-9.679,48.893
15:24:03.711,0.382,1.355,-0.124,89.374,-9.137,-5.832
15:24:03.913,0.317,1.902,-0.067,193.359,-20.519,-24.473
15:24:04.115,0.083,1.575,-0.207,250.130,-67.183,-73.580
15:24:04.317,-0.084,0.595,-0.374,250.130,31.969,-148.511
15:24:04.519,0.448,-0.778,-0.266,-64.748,-8.244,-25.038
15:24:04.721,0.211,0.052,-0.574,-250.137,0.458,149.519
15:24:04.923,0.311,1.300,-0.452,-250.137,37.435,133.573
15:24:05.125,0.467,1.216,-0.266,-211.809,-25.473,45.878
15:24:05.327,0.452,0.693,-0.255,-200.504,-6.779,42.244
15:24:05.529,0.463,0.457,-0.335,-141.962,-13.679,15.664
15:24:05.731,0.422,0.411,-0.243,-27.443,8.748,-0.206
15:24:05.933,0.347,0.349,-0.162,-25.168,19.458,-12.992
15:24:06.135,0.337,0.788,-0.135,117.405,7.359,-13.534
15:24:06.337,0.237,1.060,0.069,96.229,56.145,-21.473
15:24:06.539,0.227,0.952,0.074,-44.954,-38.374,7.695
15:24:06.741,0.444,0.551,-0.352,-140.328,-52.023,8.298
15:24:06.943,0.262,1.086,0.009,68.450,122.710,4.130
15:24:07.145,0.183,0.681,-0.107,-172.740,-49.130,2.191
15:24:07.347,0.575,0.727,-0.135,-133.359,72.176,51.000
15:24:07.549,0.140,0.798,-0.042,59.870,24.962,-5.832
15:24:07.751,0.105,1.586,0.218,-8.656,-2.351,22.069
15:24:07.954,0.662,0.449,-0.489,-131.053,-122.733,-10.473
15:24:08.155,0.471,1.012,-0.200,152.985,133.908,-13.168
15:24:08.357,-0.137,0.965,0.050,-90.962,-55.366,8.603
15:24:08.559,0.477,0.880,-0.182,32.450,16.656,-50.878
15:24:08.761,0.137,1.035,-0.020,-47.557,10.374,-38.198
15:24:08.963,0.074,1.029,0.085,-31.908,-0.511,0.679
15:24:09.165,0.077,0.978,0.153,12.168,3.519,23.038
15:24:09.367,0.079,0.969,0.169,0.099,-2.267,3.931
15:24:09.569,0.076,0.969,0.169,-1.366,-2.794,2.863
15:24:09.771,0.062,0.975,0.177,-3.191,-1.382,1.267
15:24:09.972,0.051,0.982,0.183,-1.580,-1.519,2.519
15:24:10.174,0.061,0.980,0.182,-2.618,-1.382,1.458
15:24:10.377,0.060,0.975,0.184,-2.710,-1.664,1.656
15:24:10.578,0.061,0.979,0.184,-2.328,-1.695,1.748
15:24:10.780,0.059,0.986,0.177,-2.511,-1.580,1.687
15:24:10.983,0.055,0.985,0.181,-2.656,-1.641,1.611
15:24:11.185,0.059,0.980,0.186,-2.496,-1.702,1.802
15:24:11.387,0.058,0.979,0.184,-2.382,-1.710,1.908
15:24:11.589,0.050,0.981,0.183,-2.412,-1.679,1.802
15:24:11.791,0.056,0.984,0.180,-2.290,-1.580,1.725
15:24:11.993,0.061,0.978,0.180,-2.450,-1.466,1.603
15:24:12.195,0.053,0.976,0.186,-2.290,-1.656,1.992
15:24:12.397,0.058,0.986,0.181,-2.405,-1.489,1.489
15:24:12.599,0.052,0.977,0.180,-2.351,-1.603,1.901
15:24:12.801,0.054,0.983,0.188,-1.794,-1.542,2.275
15:24:13.003,0.051,0.985,0.185,-2.122,-1.450,1.679
15:24:13.205,0.056,0.980,0.183,-2.046,-1.649,1.939
15:24:13.407,0.059,0.979,0.186,-2.198,-1.565,1.809
15:24:13.609,0.057,0.976,0.182,-2.374,-1.611,1.985
15:24:13.811,0.059,0.983,0.178,-2.443,-1.710,2.053
15:24:14.013,0.058,0.979,0.185,-2.160,-1.626,1.954
15:24:14.214,0.050,0.984,0.190,-2.412,-1.504,1.901
15:24:14.417,0.054,0.979,0.181,-2.359,-1.634,1.832
15:24:14.619,0.054,0.981,0.192,-2.473,-1.573,1.779
15:24:14.820,0.054,0.977,0.191,-2.183,-1.679,2.191
15:24:15.023,0.052,0.989,0.190,-2.275,-1.687,2.183
15:24:15.224,0.053,0.983,0.185,-2.405,-1.519,1.634
15:24:15.427,0.049,0.983,0.188,-2.267,-1.672,1.763
15:24:15.628,0.055,0.979,0.193,-2.053,-1.603,1.908
15:24:15.831,0.054,0.974,0.196,-2.130,-1.718,1.847
15:24:16.033,0.060,0.979,0.184,-2.412,-1.649,1.511
15:24:16.234,0.059,0.979,0.182,-2.168,-1.588,2.000
15:24:16.437,0.051,0.982,0.184,-3.252,-1.305,0.817
15:24:16.638,0.054,0.972,0.196,-2.137,-1.702,1.542
15:24:16.841,0.052,0.980,0.193,-2.031,-1.588,1.832
15:24:17.043,0.050,0.981,0.184,-2.305,-1.649,1.740
15:24:17.244,0.048,0.981,0.185,-2.198,-1.695,1.931
15:24:17.447,0.055,0.979,0.192,-1.802,-1.863,2.466
15:24:17.649,0.057,0.976,0.188,-2.237,-1.618,1.779
15:24:17.851,0.056,0.978,0.191,-2.664,-1.427,1.656
15:24:18.052,0.055,0.981,0.194,-2.580,-1.733,1.763
15:24:18.255,0.048,0.977,0.191,-2.115,-1.870,1.656
15:24:18.456,0.048,0.983,0.190,-2.305,-1.496,1.863
15:24:18.659,0.052,0.977,0.181,-2.321,-1.542,1.908
15:24:18.860,0.056,0.976,0.190,-2.389,-1.794,2.031
15:24:19.063,0.052,0.985,0.188,-2.366,-1.588,2.000
15:24:19.265,0.048,0.978,0.184,-2.687,-1.481,1.427
15:24:19.467,0.047,0.982,0.191,-2.382,-1.802,1.771
15:24:19.669,0.051,0.977,0.190,-1.985,-1.557,2.084
15:24:19.871,0.049,0.974,0.191,-2.305,-1.611,1.802
15:24:20.073,0.052,0.977,0.180,-2.160,-1.679,1.985
15:24:20.274,0.052,0.975,0.185,-2.565,-1.519,1.939
15:24:20.477,0.054,0.976,0.180,-2.076,-1.802,2.260
15:24:20.679,0.052,0.978,0.184,-2.328,-1.542,1.916
15:24:20.881,0.049,0.982,0.196,-2.198,-1.672,1.794
15:24:21.083,0.044,0.977,0.187,-2.443,-1.542,1.977
15:24:21.285,0.053,0.983,0.193,-2.137,-1.626,2.183
15:24:21.487,0.050,0.979,0.185,-2.153,-1.687,2.176
15:24:21.689,0.047,0.977,0.185,-2.366,-1.634,1.763
15:24:21.891,0.047,0.977,0.191,-2.344,-1.695,1.870
15:24:22.092,0.053,0.975,0.188,-2.344,-1.756,1.977
15:24:22.295,0.053,0.978,0.185,-2.557,-1.496,1.817
15:24:22.497,0.051,0.977,0.194,-2.282,-1.687,1.618
15:24:22.699,0.052,0.978,0.189,-2.305,-1.809,1.939
15:24:22.901,0.050,0.984,0.185,-2.176,-1.649,1.916
15:24:23.103,0.045,0.975,0.188,-2.038,-1.382,2.099
15:24:23.305,0.051,0.979,0.184,-2.260,-1.725,2.115
15:24:23.507,0.052,0.976,0.183,-2.237,-1.435,2.183
15:24:23.709,0.055,0.974,0.190,-2.412,-1.809,1.847
15:24:23.911,0.049,0.979,0.184,-2.481,-1.672,1.748
15:24:24.113,0.052,0.970,0.191,-2.221,-1.641,1.939
15:24:24.315,0.053,0.981,0.191,-2.275,-1.534,1.908
15:24:24.517,0.045,0.980,0.192,-2.122,-1.542,1.924
15:24:24.719,0.044,0.990,0.187,-2.687,-1.702,1.748
15:24:24.921,0.049,0.974,0.194,-2.168,-1.634,1.977
15:24:25.123,0.046,0.979,0.191,-2.267,-1.618,1.893
15:24:25.325,0.052,0.978,0.189,-1.962,-1.679,2.031
15:24:25.527,0.044,0.980,0.196,-2.389,-1.550,1.893
15:24:25.729,0.048,0.980,0.198,-2.031,-1.817,1.916
15:24:25.931,0.050,0.975,0.190,-2.313,-1.542,2.076
15:24:26.133,0.056,0.985,0.191,-2.496,-1.679,1.893
15:24:26.335,0.051,0.974,0.197,-2.229,-1.740,1.985
15:24:26.537,0.044,0.980,0.196,-2.282,-1.687,1.931
15:24:26.738,0.047,0.979,0.187,-2.252,-1.649,1.962
15:24:26.941,0.048,0.980,0.192,-2.115,-1.611,1.992
15:24:27.143,0.047,0.978,0.188,-2.489,-1.634,1.573
15:24:27.345,0.050,0.982,0.189,-2.473,-1.611,1.695
15:24:27.547,0.053,0.979,0.194,-2.191,-1.573,2.015
15:24:27.749,0.042,0.984,0.191,-2.137,-1.618,2.176
15:24:27.951,0.052,0.987,0.184,-2.473,-1.595,1.756
15:24:28.153,0.048,0.977,0.197,-2.267,-1.679,1.748
15:24:28.355,0.050,0.977,0.181,-2.427,-1.550,1.672
15:24:28.556,0.054,0.976,0.188,-2.344,-1.542,2.160
15:24:28.759,0.046,0.980,0.190,-2.527,-1.435,1.832
15:24:28.961,0.048,0.979,0.199,-2.511,-1.542,1.802
15:24:29.163,0.047,0.984,0.190,-2.130,-1.511,1.702
15:24:29.365,0.052,0.977,0.186,-2.160,-1.771,1.977
15:24:29.567,0.047,0.979,0.192,-2.115,-1.718,2.008
15:24:29.769,0.051,0.982,0.196,-2.542,-1.664,1.687
15:24:29.971,0.048,0.980,0.196,-2.198,-1.527,1.870
15:24:30.173,0.049,0.984,0.195,-2.450,-1.489,1.679
15:24:30.375,0.046,0.972,0.193,-2.229,-1.817,1.855
15:24:30.577,0.046,0.980,0.199,-2.824,-1.489,1.763
15:24:30.779,0.050,0.979,0.189,-2.481,-1.481,1.954
15:24:30.981,0.045,0.979,0.195,-2.145,-1.550,1.756
15:24:31.183,0.050,0.980,0.190,-2.160,-1.695,2.084
15:24:31.385,0.051,0.976,0.197,-2.496,-1.511,1.954
15:24:31.587,0.054,0.975,0.185,-2.550,-1.458,1.847
15:24:31.789,0.053,0.977,0.196,-2.061,-1.641,2.046
15:24:31.991,0.052,0.981,0.193,-2.412,-1.710,1.748
15:24:32.193,0.055,0.983,0.191,-2.237,-1.351,1.893
15:24:32.395,0.046,0.980,0.189,-2.305,-1.527,2.023
15:24:32.597,0.053,0.973,0.191,-2.137,-1.534,1.954
15:24:32.799,0.047,0.979,0.190,-2.198,-1.733,1.855
15:24:33.001,0.047,0.982,0.186,-2.359,-1.626,1.802
15:24:33.203,0.045,0.980,0.196,-2.328,-1.656,1.756
15:24:33.405,0.055,0.980,0.192,-2.321,-1.634,1.878
15:24:33.607,0.053,0.985,0.184,-2.191,-1.679,1.977
15:24:33.809,0.043,0.979,0.194,-2.115,-1.603,2.221
15:24:34.012,0.044,0.980,0.198,-2.069,-1.802,2.130
15:24:34.213,0.045,0.978,0.189,-2.511,-1.626,1.718
15:24:34.414,0.056,0.979,0.189,-2.260,-1.641,1.855
15:24:34.617,0.049,0.983,0.198,-2.359,-1.985,1.802
15:24:34.819,0.044,0.979,0.192,-2.595,-1.595,1.542
15:24:35.021,0.049,0.978,0.199,-2.191,-1.763,1.885
15:24:35.223,0.049,0.976,0.191,-2.420,-1.725,1.954
15:24:35.425,0.047,0.973,0.191,-2.328,-1.687,2.107
15:24:35.627,0.044,0.980,0.190,-2.168,-1.679,2.099
15:24:35.829,0.045,0.980,0.186,-2.290,-1.931,2.046
15:24:36.031,0.044,0.977,0.193,-2.229,-1.511,1.603
15:24:36.233,0.049,0.978,0.202,-2.290,-1.656,1.947
15:24:36.435,0.051,0.970,0.188,-2.252,-1.687,2.198
15:24:36.637,0.047,0.976,0.201,-2.534,-1.580,1.931
15:24:36.839,0.042,0.980,0.196,-2.641,-1.573,1.687
15:24:37.041,0.048,0.978,0.188,-2.229,-1.473,1.962
15:24:37.243,0.049,0.976,0.183,-2.275,-1.634,1.695
15:24:37.445,0.049,0.983,0.191,-2.321,-1.557,2.031
15:24:37.647,0.055,0.980,0.199,-2.298,-1.756,2.031
15:24:37.849,0.043,0.973,0.180,-2.351,-1.336,2.015
15:24:38.051,0.050,0.980,0.188,-2.290,-1.397,1.756
15:24:38.253,0.051,0.984,0.194,-1.977,-1.649,1.855
15:24:38.455,0.051,0.971,0.189,-2.321,-1.679,1.802
15:24:38.657,0.047,0.979,0.182,-2.221,-1.595,1.939
15:24:38.859,0.054,0.981,0.192,-2.160,-1.481,1.985
15:24:39.062,0.047,0.980,0.196,-2.053,-1.733,1.969
15:24:39.263,0.043,0.977,0.198,-2.244,-1.550,1.931
15:24:39.465,0.046,0.978,0.192,-1.832,-1.824,2.412
15:24:39.668,0.054,0.982,0.198,-2.725,-1.534,1.618
15:24:39.869,0.046,0.980,0.201,-2.214,-1.557,1.893
15:24:40.071,0.053,0.978,0.182,-1.893,-1.847,2.588
15:24:40.273,0.053,0.977,0.190,-2.725,-1.427,1.626
15:24:40.475,0.046,0.982,0.189,-2.618,-1.679,1.557
15:24:40.677,0.045,0.976,0.186,-2.252,-1.779,1.878
15:24:40.879,0.046,0.979,0.191,-2.321,-1.786,1.985
15:24:41.081,0.048,0.976,0.185,-2.489,-1.649,1.733
15:24:41.283,0.046,0.982,0.198,-2.366,-1.473,1.840
15:24:41.485,0.045,0.976,0.194,-1.748,-1.664,2.321
15:24:41.687,0.047,0.973,0.185,-2.229,-1.840,1.893
15:24:41.889,0.045,0.980,0.189,-2.260,-1.473,1.924
15:24:42.091,0.049,0.975,0.190,-2.206,-1.504,1.847
15:24:42.293,0.049,0.978,0.189,-2.389,-1.573,2.046
15:24:42.495,0.051,0.978,0.186,-2.237,-1.626,1.954
15:24:42.697,0.051,0.980,0.192,-2.237,-1.687,1.901
15:24:42.900,0.045,0.983,0.191,-2.282,-1.618,1.832
15:24:43.101,0.044,0.978,0.193,-2.344,-1.618,1.748
15:24:43.304,0.054,0.979,0.186,-1.618,-1.794,2.504
15:24:43.505,0.047,0.977,0.185,-2.344,-1.656,1.847
15:24:43.707,0.049,0.975,0.189,-2.565,-1.496,1.687
15:24:43.909,0.050,0.981,0.192,-2.374,-1.718,1.855
15:24:44.112,0.050,0.978,0.188,-2.214,-1.802,2.153
15:24:44.313,0.050,0.981,0.187,-2.031,-1.656,1.939
15:24:44.515,0.050,0.972,0.197,-2.328,-1.435,1.863
15:24:44.717,0.054,0.981,0.192,-2.412,-1.595,2.061
15:24:44.919,0.039,0.976,0.198,-2.290,-1.664,2.061
15:24:45.121,0.049,0.979,0.196,-2.076,-1.794,2.252
15:24:45.323,0.054,0.980,0.189,-2.481,-1.687,1.779
15:24:45.525,0.042,0.984,0.191,-2.504,-1.588,1.672
15:24:45.728,0.056,0.977,0.192,-2.534,-1.618,1.786
15:24:45.930,0.045,0.980,0.189,-2.298,-1.603,1.802
15:24:46.131,0.046,0.981,0.192,-2.206,-1.565,1.878
15:24:46.333,0.053,0.973,0.193,-1.931,-1.580,2.015
15:24:46.536,0.053,0.979,0.195,-2.183,-1.885,2.107
15:24:46.738,0.049,0.979,0.199,-2.389,-1.641,1.733
15:24:46.940,0.054,0.975,0.196,-2.237,-1.542,1.908
15:24:47.141,0.050,0.974,0.189,-2.313,-1.565,1.924
15:24:47.343,0.046,0.981,0.179,-2.366,-1.664,1.656
15:24:47.545,0.054,0.979,0.183,-2.489,-1.771,1.779
15:24:47.747,0.057,0.972,0.191,-2.504,-1.504,2.122
15:24:47.949,0.043,0.974,0.187,-2.237,-1.473,2.000
15:24:48.151,0.052,0.977,0.190,-1.924,-1.557,2.252
15:24:48.353,0.043,0.967,0.187,-2.023,-1.656,2.000
15:24:48.555,0.049,0.976,0.188,-2.573,-1.397,1.527
15:24:48.758,0.049,0.972,0.191,-2.725,-1.656,1.489
15:24:48.959,0.046,0.982,0.188,-2.466,-1.908,1.641
15:24:49.162,0.051,0.979,0.184,-2.321,-1.298,1.695
15:24:49.363,0.053,0.980,0.188,-2.313,-1.832,1.664
15:24:49.565,0.043,0.982,0.195,-2.267,-1.649,1.939
15:24:49.768,0.048,0.980,0.197,-2.427,-1.496,1.756
15:24:49.969,0.048,0.982,0.200,-2.374,-1.855,1.908
15:24:50.172,0.045,0.982,0.194,-2.046,-1.863,2.496
15:24:50.373,0.049,0.980,0.191,-2.435,-1.863,1.779
15:24:50.576,0.048,0.977,0.196,-2.534,-1.405,1.702
15:24:50.777,0.040,0.985,0.191,-2.489,-1.664,1.855
15:24:50.979,0.049,0.980,0.187,-2.076,-1.504,2.214
15:24:51.181,0.054,0.978,0.190,-2.260,-1.511,1.824
15:24:51.383,0.051,0.979,0.189,-2.321,-1.702,1.840
15:24:51.586,0.048,0.982,0.200,-2.267,-1.481,1.916
15:24:51.788,0.045,0.979,0.200,-2.244,-1.695,1.710
15:24:51.990,0.048,0.985,0.186,-2.282,-1.489,2.107
15:24:52.191,0.040,0.985,0.192,-2.137,-1.794,2.008
15:24:52.393,0.045,0.980,0.190,-2.290,-1.748,2.015
15:24:52.595,0.043,0.976,0.187,-2.412,-1.359,1.878
15:24:52.797,0.052,0.981,0.186,-2.435,-1.664,1.847
15:24:52.999,0.043,0.979,0.199,-2.588,-1.763,1.740
15:24:53.202,0.045,0.980,0.190,-2.061,-1.725,2.153
15:24:53.404,0.048,0.975,0.189,-2.275,-1.656,1.916
15:24:53.605,0.045,0.988,0.189,-7.069,-0.771,-2.656
15:24:53.808,-0.177,1.024,0.342,-43.145,-46.153,-21.450
15:24:54.010,0.015,0.957,0.256,-8.634,-0.756,-4.382
15:24:54.211,0.031,1.179,0.227,22.214,-62.939,16.580
15:24:54.414,-0.052,1.275,0.336,50.237,-106.237,-42.053
15:24:54.615,0.171,0.566,0.372,71.969,27.641,-59.176
15:24:54.817,0.148,0.664,0.449,-4.046,11.137,-7.298
15:24:55.019,0.348,0.784,0.238,119.779,118.229,18.420
15:24:55.222,0.045,1.079,0.525,-5.885,8.969,-16.679
15:24:55.423,0.063,1.078,0.374,80.901,0.115,14.985
15:24:55.626,0.417,1.066,0.236,2.779,-23.824,32.374
15:24:55.828,0.273,1.147,0.256,30.573,-21.519,24.733
15:24:56.030,0.441,1.186,0.260,-69.840,-55.664,20.435
15:24:56.232,0.353,1.112,0.281,-44.519,-40.427,-13.183
15:24:56.433,0.114,1.559,0.522,-90.565,-98.664,63.626
15:24:56.636,0.213,0.993,0.279,-5.443,6.771,28.450
15:24:56.838,0.395,1.062,0.207,32.794,-40.244,36.947
15:24:57.039,0.429,1.096,0.127,43.977,-38.748,26.641
15:24:57.242,0.460,0.763,0.202,18.290,-7.817,-29.046
15:24:57.444,0.216,1.027,0.004,5.458,-30.779,-78.656
15:24:57.646,0.106,0.940,0.150,-3.344,-1.504,0.229
15:24:57.848,0.109,0.985,0.140,-4.145,-0.656,-1.519
15:24:58.050,0.103,0.980,0.144,-3.450,-0.832,0.504
15:24:58.252,0.098,0.982,0.148,-2.977,-1.099,1.076
15:24:58.454,0.089,0.982,0.150,-2.412,-1.344,1.366
15:24:58.656,0.094,0.987,0.152,-2.802,-1.328,1.573
15:24:58.858,0.094,0.981,0.169,-3.435,-1.092,0.389
15:24:59.059,0.090,0.982,0.148,-2.557,-1.611,1.260
15:24:59.261,0.091,0.980,0.159,-2.542,-1.618,1.687
15:24:59.464,0.090,0.981,0.163,-2.427,-1.450,1.748
15:24:59.665,0.091,0.981,0.151,-2.145,-1.588,1.847
15:24:59.867,0.084,0.978,0.153,-2.321,-1.550,1.870
15:25:00.069,0.090,0.985,0.167,-2.832,-1.481,1.687
15:25:00.272,0.093,0.982,0.159,-4.863,-1.176,-0.336
15:25:00.473,0.092,0.984,0.160,-3.176,-1.397,1.061
15:25:00.675,0.084,0.986,0.155,-2.664,-1.481,1.473
15:25:00.877,0.083,0.986,0.165,-2.504,-1.679,1.748
15:25:01.080,0.081,0.983,0.169,-1.855,-1.809,2.122
15:25:01.281,0.084,0.976,0.164,-2.366,-1.618,1.878
15:25:01.483,0.078,0.979,0.173,-2.359,-1.595,1.809
15:25:01.685,0.080,0.979,0.165,-2.115,-1.626,1.748
15:25:01.888,0.078,0.986,0.165,-2.534,-1.366,1.855
15:25:02.090,0.081,0.978,0.171,-2.237,-1.878,1.794
15:25:02.292,0.085,0.982,0.165,-2.321,-1.695,2.069
15:25:02.493,0.079,0.979,0.167,-2.397,-1.611,1.847
15:25:02.695,0.083,0.983,0.165,-2.305,-1.679,1.809
15:25:02.897,0.082,0.988,0.180,-2.366,-1.511,1.977
15:25:03.100,0.086,0.973,0.171,-2.420,-1.412,1.565
15:25:03.302,0.075,0.981,0.174,-2.435,-1.832,1.832
15:25:03.503,0.081,0.982,0.173,-2.336,-1.397,1.588
15:25:03.705,0.084,0.980,0.165,-2.267,-1.740,1.878
15:25:03.907,0.082,0.982,0.160,-2.962,-1.382,1.198
15:25:04.109,0.083,0.984,0.172,-2.084,-1.573,2.000
15:25:04.312,0.087,0.987,0.172,-2.275,-1.588,1.931
15:25:04.513,0.083,0.978,0.177,-2.321,-1.519,1.992
15:25:04.716,0.073,0.981,0.162,-2.260,-1.588,1.916
15:25:04.918,0.080,0.981,0.161,-2.664,-1.473,1.489
15:25:05.119,0.089,0.981,0.164,-2.374,-1.809,1.756
15:25:05.322,0.080,0.981,0.168,-2.244,-1.550,1.809
15:25:05.524,0.076,0.981,0.171,-2.924,-1.534,1.107
15:25:05.725,0.080,0.987,0.171,-2.443,-1.618,1.878
15:25:05.927,0.072,0.982,0.167,-2.412,-1.634,1.870
15:25:06.129,0.077,0.979,0.175,-2.626,-1.534,1.511
15:25:06.331,0.079,0.984,0.174,-2.397,-1.389,1.542
15:25:06.533,0.081,0.984,0.169,-2.313,-1.672,2.145
15:25:06.735,0.084,0.982,0.176,-2.580,-1.481,1.847
15:25:06.937,0.078,0.983,0.167,-2.221,-1.641,1.817
15:25:07.139,0.080,0.973,0.167,-2.130,-1.580,1.656
15:25:07.342,0.073,0.980,0.169,-2.290,-1.626,1.855
15:25:07.544,0.076,0.982,0.168,-2.435,-1.626,2.092
15:25:07.745,0.075,0.982,0.167,-2.061,-1.573,2.229
15:25:07.948,0.079,0.985,0.171,-2.412,-1.466,1.618
15:25:08.149,0.076,0.985,0.156,-2.718,-1.557,1.725
15:25:08.352,0.077,0.982,0.175,-2.252,-1.534,1.832
15:25:08.554,0.079,0.984,0.167,-2.282,-1.542,1.779
15:25:08.756,0.077,0.979,0.170,-2.450,-1.519,1.847
15:25:08.957,0.080,0.979,0.168,-2.290,-1.580,1.840
15:25:09.159,0.073,0.980,0.168,-2.176,-1.740,1.954
15:25:09.362,0.070,0.982,0.167,-2.076,-1.725,1.916
15:25:09.563,0.084,0.977,0.176,-2.252,-1.695,1.901
15:25:09.765,0.077,0.979,0.165,-2.038,-1.656,2.122
15:25:09.968,0.087,0.986,0.163,-2.221,-1.595,1.847
15:25:10.169,0.079,0.986,0.170,-2.382,-1.664,1.847
15:25:10.371,0.083,0.979,0.175,-2.298,-1.573,2.015
15:25:10.573,0.081,0.984,0.172,-2.344,-1.672,1.832
