timestamp,sensor,velocidade,aceleracao,temperatura,erro
2026-08-24T22:00:10-03:00,s1,0.04,0.0,33,
2026-08-24T22:00:10-03:00,s2,0.05,0.0,34,
2026-08-24T22:00:17-03:00,s1,0.04,0.0,33,
2026-08-24T22:00:17-03:00,s2,0.05,0.0,34,
2026-08-27T16:03:04-03:00,s1,0.05,0.0,33,
2026-08-27T16:03:04-03:00,s2,0.05,0.0,33,
2026-08-27T17:03:00-03:00,s1,0.06,0.0,33,
2026-08-27T17:03:00-03:00,s2,0.06,0.0,33,
2026-08-27T18:03:00-03:00,s1,0.05,0.0,33,
2026-08-27T18:03:00-03:00,s2,0.05,0.0,33,
2026-08-27T18:12:06-03:00,s1,0.06,0.0,33,
2026-08-27T18:12:06-03:00,s2,0.05,0.0,33,
2026-09-06T18:54:50-03:00,s1,0.04,0.0,33,
2026-09-06T18:54:50-03:00,s2,0.04,0.0,34,
2026-09-06T19:08:37-03:00,s1,0.04,0.0,33,
2026-09-06T19:08:37-03:00,s2,0.04,0.0,34,
2026-09-06T19:09:08-03:00,s1,0.04,0.0,33,
2026-09-06T19:09:08-03:00,s2,0.04,0.0,34,
2026-09-06T19:09:38-03:00,s1,0.04,0.0,33,
2026-09-06T19:09:38-03:00,s2,0.04,0.0,34,
2026-09-06T19:10:08-03:00,s1,0.04,0.0,33,
2026-09-06T19:10:08-03:00,s2,0.04,0.0,34,
2026-09-06T19:10:38-03:00,s1,0.04,0.0,33,
2026-09-06T19:10:38-03:00,s2,0.04,0.0,34,
2026-09-06T19:11:08-03:00,s1,0.04,0.0,33,
2026-09-06T19:11:08-03:00,s2,0.04,0.0,34,
2026-09-06T19:11:39-03:00,s1,0.04,0.0,33,
2026-09-06T19:11:39-03:00,s2,0.04,0.0,34,
2026-09-06T19:12:09-03:00,s1,0.04,0.0,33,
2026-09-06T19:12:09-03:00,s2,0.04,0.0,34,
2026-09-06T19:12:39-03:00,s1,0.04,0.0,33,
2026-09-06T19:12:39-03:00,s2,0.04,0.0,34,
2026-09-06T19:13:09-03:00,s1,0.04,0.0,33,
2026-09-06T19:13:09-03:00,s2,0.04,0.0,34,
2026-09-06T19:13:39-03:00,s1,0.04,0.0,33,
2026-09-06T19:13:39-03:00,s2,0.04,0.0,34,
2026-09-06T19:14:09-03:00,s1,0.04,0.0,33,
2026-09-06T19:14:09-03:00,s2,0.04,0.0,34,
2026-09-06T19:14:40-03:00,s1,0.04,0.0,33,
2026-09-06T19:14:40-03:00,s2,0.04,0.0,34,
2026-09-06T19:15:10-03:00,s1,0.04,0.0,33,
2026-09-06T19:15:10-03:00,s2,0.04,0.0,34,
2026-09-06T19:15:40-03:00,s1,0.04,0.0,33,
2026-09-06T19:15:40-03:00,s2,0.04,0.0,34,
2026-09-06T19:16:10-03:00,s1,0.04,0.0,33,
2026-09-06T19:16:10-03:00,s2,0.04,0.0,34,
2026-09-06T19:16:40-03:00,s1,0.04,0.0,33,
2026-09-06T19:16:40-03:00,s2,0.04,0.0,34,
2026-09-06T19:17:11-03:00,s1,0.04,0.0,33,
2026-09-06T19:17:11-03:00,s2,0.04,0.0,34,
2026-09-06T19:17:41-03:00,s1,0.04,0.0,33,
2026-09-06T19:17:41-03:00,s2,0.04,0.0,34,
2026-09-06T19:18:11-03:00,s1,0.04,0.0,33,
2026-09-06T19:18:11-03:00,s2,0.04,0.0,34,
2026-09-06T19:18:41-03:00,s1,0.04,0.0,33,
2026-09-06T19:18:41-03:00,s2,0.04,0.0,34,
2026-09-06T19:19:11-03:00,s1,0.04,0.0,33,
2026-09-06T19:19:11-03:00,s2,0.04,0.0,34,
2026-09-06T19:19:41-03:00,s1,0.04,0.0,33,
2026-09-06T19:19:41-03:00,s2,0.04,0.0,34,
2026-09-06T19:20:12-03:00,s1,0.04,0.0,33,
2026-09-06T19:20:12-03:00,s2,0.04,0.0,34,
2026-09-06T19:20:42-03:00,s1,0.04,0.0,33,
2026-09-06T19:20:42-03:00,s2,0.04,0.0,34,
2026-09-06T19:21:12-03:00,s1,0.04,0.0,33,
2026-09-06T19:21:12-03:00,s2,0.04,0.0,34,
2026-09-06T19:21:42-03:00,s1,0.04,0.0,33,
2026-09-06T19:21:42-03:00,s2,0.04,0.0,34,
2026-09-06T19:22:12-03:00,s1,0.04,0.0,33,
2026-09-06T19:22:12-03:00,s2,0.04,0.0,34,
2026-09-06T19:22:43-03:00,s1,0.04,0.0,33,
2026-09-06T19:22:43-03:00,s2,0.04,0.0,34,
2026-09-06T19:23:13-03:00,s1,0.04,0.0,33,
2026-09-06T19:23:13-03:00,s2,0.04,0.0,34,
2026-09-06T19:23:43-03:00,s1,0.04,0.0,33,
2026-09-06T19:23:43-03:00,s2,0.04,0.0,34,
2026-09-06T19:24:13-03:00,s1,0.04,0.0,33,
2026-09-06T19:24:13-03:00,s2,0.04,0.0,34,
2026-09-06T19:24:43-03:00,s1,0.04,0.0,33,
2026-09-06T19:24:43-03:00,s2,0.04,0.0,34,
2026-09-06T19:25:13-03:00,s1,0.04,0.0,33,
2026-09-06T19:25:13-03:00,s2,0.04,0.0,34,
2026-09-06T19:25:44-03:00,s1,0.04,0.0,33,
2026-09-06T19:25:44-03:00,s2,0.04,0.0,34,
2026-09-06T19:26:14-03:00,s1,0.04,0.0,33,
2026-09-06T19:26:14-03:00,s2,0.04,0.0,34,
2026-09-06T19:26:44-03:00,s1,0.04,0.0,33,
2026-09-06T19:26:44-03:00,s2,0.04,0.0,34,
2026-09-06T19:27:14-03:00,s1,0.04,0.0,33,
2026-09-06T19:27:14-03:00,s2,0.04,0.0,34,
2026-09-06T19:27:44-03:00,s1,0.04,0.0,33,
2026-09-06T19:27:44-03:00,s2,0.04,0.0,34,
2026-09-06T19:28:15-03:00,s1,0.04,0.0,33,
2026-09-06T19:28:15-03:00,s2,0.04,0.0,34,
2026-09-06T19:28:45-03:00,s1,0.04,0.0,33,
2026-09-06T19:28:45-03:00,s2,0.04,0.0,34,
2026-09-06T19:29:15-03:00,s1,0.04,0.0,33,
2026-09-06T19:29:15-03:00,s2,0.04,0.0,34,
2026-09-06T19:29:45-03:00,s1,0.04,0.0,33,
2026-09-06T19:29:45-03:00,s2,0.04,0.0,34,
2026-09-06T19:30:15-03:00,s1,0.04,0.0,33,
2026-09-06T19:30:15-03:00,s2,0.04,0.0,34,
2026-09-06T19:30:46-03:00,s1,0.04,0.0,33,
2026-09-06T19:30:46-03:00,s2,0.04,0.0,34,
2026-09-06T19:31:16-03:00,s1,0.04,0.0,33,
2026-09-06T19:31:16-03:00,s2,0.04,0.0,34,
2026-09-06T19:31:46-03:00,s1,0.04,0.0,33,
2026-09-06T19:31:46-03:00,s2,0.04,0.0,34,
2026-09-06T19:32:16-03:00,s1,0.04,0.0,33,
2026-09-06T19:32:16-03:00,s2,0.04,0.0,34,
2026-09-06T19:32:46-03:00,s1,0.04,0.0,33,
2026-09-06T19:32:46-03:00,s2,0.04,0.0,34,
2026-09-06T19:33:17-03:00,s1,0.04,0.0,33,
2026-09-06T19:33:17-03:00,s2,0.04,0.0,34,
2026-09-06T19:33:47-03:00,s1,0.04,0.0,33,
2026-09-06T19:33:47-03:00,s2,0.04,0.0,34,
2026-09-06T19:34:17-03:00,s1,0.04,0.0,33,
2026-09-06T19:34:17-03:00,s2,0.04,0.0,34,
2026-09-06T19:34:47-03:00,s1,0.04,0.0,33,
2026-09-06T19:34:47-03:00,s2,0.04,0.0,34,
2026-09-06T19:35:17-03:00,s1,0.04,0.0,33,
2026-09-06T19:35:17-03:00,s2,0.04,0.0,34,
2026-09-06T19:35:48-03:00,s1,0.04,0.0,33,
2026-09-06T19:35:48-03:00,s2,0.04,0.0,34,
2026-09-06T19:36:18-03:00,s1,0.04,0.0,33,
2026-09-06T19:36:18-03:00,s2,0.04,0.0,34,
2026-09-06T19:36:48-03:00,s1,0.04,0.0,33,
2026-09-06T19:36:48-03:00,s2,0.04,0.0,34,
2026-09-06T19:37:18-03:00,s1,0.04,0.0,33,
2026-09-06T19:37:18-03:00,s2,0.04,0.0,34,
2026-09-06T19:37:48-03:00,s1,0.04,0.0,33,
2026-09-06T19:37:48-03:00,s2,0.04,0.0,34,
2026-09-06T19:38:19-03:00,s1,0.04,0.0,33,
2026-09-06T19:38:19-03:00,s2,0.04,0.0,34,
2026-09-06T19:38:49-03:00,s1,0.04,0.0,33,
2026-09-06T19:38:49-03:00,s2,0.04,0.0,34,
2026-09-06T19:39:19-03:00,s1,0.04,0.0,33,
2026-09-06T19:39:19-03:00,s2,0.04,0.0,34,
2026-09-06T19:39:49-03:00,s1,0.04,0.0,33,
2026-09-06T19:39:49-03:00,s2,0.04,0.0,34,
2026-09-06T19:40:20-03:00,s1,0.04,0.0,33,
2026-09-06T19:40:20-03:00,s2,0.04,0.0,34,
2026-09-06T19:40:50-03:00,s1,0.04,0.0,33,
2026-09-06T19:40:50-03:00,s2,0.04,0.0,34,
2026-09-06T19:41:20-03:00,s1,0.04,0.0,33,
2026-09-06T19:41:20-03:00,s2,0.04,0.0,34,
2026-09-06T19:41:50-03:00,s1,0.04,0.0,33,
2026-09-06T19:41:50-03:00,s2,0.04,0.0,34,
2026-09-06T19:42:20-03:00,s1,0.04,0.0,33,
2026-09-06T19:42:20-03:00,s2,0.04,0.0,34,
2026-09-06T19:42:50-03:00,s1,0.04,0.0,33,
2026-09-06T19:42:50-03:00,s2,0.04,0.0,34,
2026-09-06T19:43:21-03:00,s1,0.04,0.0,33,
2026-09-06T19:43:21-03:00,s2,0.04,0.0,34,
2026-09-06T19:43:51-03:00,s1,0.04,0.0,33,
2026-09-06T19:43:51-03:00,s2,0.04,0.0,34,
2026-09-06T19:44:21-03:00,s1,0.04,0.0,33,
2026-09-06T19:44:21-03:00,s2,0.04,0.0,34,
2026-09-06T19:44:51-03:00,s1,0.04,0.0,33,
2026-09-06T19:44:51-03:00,s2,0.04,0.0,34,
2026-09-06T19:45:21-03:00,s1,0.04,0.0,33,
2026-09-06T19:45:21-03:00,s2,0.04,0.0,34,
2026-09-06T19:45:52-03:00,s1,0.04,0.0,33,
2026-09-06T19:45:52-03:00,s2,0.04,0.0,34,
2026-09-06T19:46:22-03:00,s1,0.04,0.0,33,
2026-09-06T19:46:22-03:00,s2,0.04,0.0,34,
2026-09-06T19:46:52-03:00,s1,0.04,0.0,33,
2026-09-06T19:46:52-03:00,s2,0.04,0.0,34,
2026-09-06T19:47:22-03:00,s1,0.04,0.0,33,
2026-09-06T19:47:22-03:00,s2,0.04,0.0,34,
2026-09-06T19:47:52-03:00,s1,0.04,0.0,33,
2026-09-06T19:47:52-03:00,s2,0.04,0.0,34,
2026-09-06T19:48:22-03:00,s1,0.04,0.0,33,
2026-09-06T19:48:22-03:00,s2,0.04,0.0,34,
2026-09-06T19:48:53-03:00,s1,0.04,0.0,33,
2026-09-06T19:48:53-03:00,s2,0.04,0.0,34,
2026-09-06T19:49:23-03:00,s1,0.04,0.0,33,
2026-09-06T19:49:23-03:00,s2,0.04,0.0,34,
2026-09-06T19:49:53-03:00,s1,0.04,0.0,33,
2026-09-06T19:49:53-03:00,s2,0.04,0.0,34,
2026-09-06T19:50:23-03:00,s1,0.04,0.0,33,
2026-09-06T19:50:23-03:00,s2,0.04,0.0,34,
2026-09-06T19:50:53-03:00,s1,0.04,0.0,33,
2026-09-06T19:50:53-03:00,s2,0.04,0.0,34,
2026-09-06T19:51:24-03:00,s1,0.04,0.0,33,
2026-09-06T19:51:24-03:00,s2,0.04,0.0,34,
2026-09-06T19:51:54-03:00,s1,0.04,0.0,33,
2026-09-06T19:51:54-03:00,s2,0.04,0.0,34,
2026-09-06T19:52:24-03:00,s1,0.04,0.0,33,
2026-09-06T19:52:24-03:00,s2,0.04,0.0,34,
2026-09-06T19:52:54-03:00,s1,0.04,0.0,33,
2026-09-06T19:52:54-03:00,s2,0.04,0.0,34,
2026-09-06T19:53:24-03:00,s1,0.04,0.0,33,
2026-09-06T19:53:24-03:00,s2,0.04,0.0,34,
2026-09-06T19:53:54-03:00,s1,0.04,0.0,33,
2026-09-06T19:53:54-03:00,s2,0.04,0.0,34,
2026-09-06T19:54:25-03:00,s1,0.04,0.0,33,
2026-09-06T19:54:25-03:00,s2,0.04,0.0,34,
2026-09-06T19:54:55-03:00,s1,0.04,0.0,33,
2026-09-06T19:54:55-03:00,s2,0.04,0.0,34,
2026-09-06T19:55:25-03:00,s1,0.04,0.0,33,
2026-09-06T19:55:25-03:00,s2,0.04,0.0,34,
2026-09-06T19:55:55-03:00,s1,0.04,0.0,33,
2026-09-06T19:55:55-03:00,s2,0.04,0.0,34,
2026-09-06T19:56:25-03:00,s1,0.04,0.0,33,
2026-09-06T19:56:25-03:00,s2,0.04,0.0,34,
2026-09-06T19:56:55-03:00,s1,0.04,0.0,33,
2026-09-06T19:56:55-03:00,s2,0.04,0.0,34,
2026-09-06T19:57:26-03:00,s1,0.04,0.0,33,
2026-09-06T19:57:26-03:00,s2,0.04,0.0,34,
2026-09-06T19:57:56-03:00,s1,0.04,0.0,33,
2026-09-06T19:57:56-03:00,s2,0.04,0.0,34,
2026-09-06T19:58:26-03:00,s1,0.04,0.0,33,
2026-09-06T19:58:26-03:00,s2,0.04,0.0,34,
2026-09-06T19:58:56-03:00,s1,0.04,0.0,33,
2026-09-06T19:58:56-03:00,s2,0.04,0.0,34,
2026-09-06T19:59:26-03:00,s1,0.04,0.0,33,
2026-09-06T19:59:26-03:00,s2,0.04,0.0,34,
2026-09-06T19:59:57-03:00,s1,0.04,0.0,33,
2026-09-06T19:59:57-03:00,s2,0.04,0.0,34,
2026-09-06T20:00:27-03:00,s1,0.04,0.0,33,
2026-09-06T20:00:27-03:00,s2,0.04,0.0,34,
2026-09-06T20:00:57-03:00,s1,0.04,0.0,33,
2026-09-06T20:00:57-03:00,s2,0.04,0.0,34,
2026-09-06T20:01:27-03:00,s1,0.04,0.0,33,
2026-09-06T20:01:27-03:00,s2,0.04,0.0,34,
2026-09-06T20:01:57-03:00,s1,0.04,0.0,33,
2026-09-06T20:01:57-03:00,s2,0.04,0.0,34,
2026-09-06T20:02:28-03:00,s1,0.04,0.0,33,
2026-09-06T20:02:28-03:00,s2,0.04,0.0,34,
2026-09-06T20:02:58-03:00,s1,0.04,0.0,33,
2026-09-06T20:02:58-03:00,s2,0.04,0.0,34,
2026-09-06T20:03:28-03:00,s1,0.04,0.0,33,
2026-09-06T20:03:28-03:00,s2,0.04,0.0,34,
2026-09-06T20:03:58-03:00,s1,0.04,0.0,33,
2026-09-06T20:03:58-03:00,s2,0.04,0.0,34,
2026-09-06T20:04:29-03:00,s1,0.04,0.0,33,
2026-09-06T20:04:29-03:00,s2,0.04,0.0,34,
2026-09-06T20:04:59-03:00,s1,0.04,0.0,33,
2026-09-06T20:04:59-03:00,s2,0.04,0.0,34,
2026-09-06T20:05:29-03:00,s1,0.04,0.0,33,
2026-09-06T20:05:29-03:00,s2,0.04,0.0,34,
2026-09-06T20:05:59-03:00,s1,0.04,0.0,33,
2026-09-06T20:05:59-03:00,s2,0.04,0.0,34,
2026-09-06T20:06:29-03:00,s1,0.04,0.0,33,
2026-09-06T20:06:29-03:00,s2,0.04,0.0,34,
2026-09-06T20:06:59-03:00,s1,0.04,0.0,33,
2026-09-06T20:06:59-03:00,s2,0.04,0.0,34,
2026-09-06T20:07:30-03:00,s1,0.04,0.0,33,
2026-09-06T20:07:30-03:00,s2,0.04,0.0,34,
2026-09-06T20:08:00-03:00,s1,0.04,0.0,33,
2026-09-06T20:08:00-03:00,s2,0.04,0.0,34,
2026-09-06T20:08:30-03:00,s1,0.04,0.0,33,
2026-09-06T20:08:30-03:00,s2,0.04,0.0,34,
2026-09-06T20:09:00-03:00,s1,0.04,0.0,33,
2026-09-06T20:09:00-03:00,s2,0.04,0.0,34,
2026-09-06T20:09:30-03:00,s1,0.04,0.0,33,
2026-09-06T20:09:30-03:00,s2,0.04,0.0,34,
2026-09-06T20:10:02-03:00,s1,0.04,0.0,33,
2026-09-06T20:10:02-03:00,s2,0.04,0.0,34,
2026-09-06T20:10:33-03:00,s1,0.04,0.0,33,
2026-09-06T20:10:33-03:00,s2,0.04,0.0,34,
2026-09-06T20:11:03-03:00,s1,0.04,0.0,33,
2026-09-06T20:11:03-03:00,s2,0.04,0.0,34,
2026-09-06T20:11:34-03:00,s1,0.04,0.0,33,
2026-09-06T20:11:34-03:00,s2,0.04,0.0,34,
2026-09-06T20:12:04-03:00,s1,0.04,0.0,33,
2026-09-06T20:12:04-03:00,s2,0.04,0.0,34,
2026-09-06T20:12:34-03:00,s1,0.04,0.0,33,
2026-09-06T20:12:34-03:00,s2,0.04,0.0,34,
2026-09-06T20:13:05-03:00,s1,0.04,0.0,33,
2026-09-06T20:13:05-03:00,s2,0.04,0.0,34,
2026-09-06T20:13:35-03:00,s1,0.04,0.0,33,
2026-09-06T20:13:35-03:00,s2,0.04,0.0,34,
2026-09-06T20:14:05-03:00,s1,0.04,0.0,33,
2026-09-06T20:14:05-03:00,s2,0.04,0.0,34,
2026-09-06T20:14:35-03:00,s1,0.04,0.0,33,
2026-09-06T20:14:35-03:00,s2,0.04,0.0,34,
2026-09-06T20:15:05-03:00,s1,0.04,0.0,33,
2026-09-06T20:15:05-03:00,s2,0.04,0.0,34,
2026-09-06T20:15:36-03:00,s1,0.04,0.0,33,
2026-09-06T20:15:36-03:00,s2,0.04,0.0,34,
2026-09-06T20:16:06-03:00,s1,0.04,0.0,33,
2026-09-06T20:16:06-03:00,s2,0.04,0.0,34,
2026-09-06T20:16:36-03:00,s1,0.04,0.0,33,
2026-09-06T20:16:36-03:00,s2,0.04,0.0,34,
2026-09-06T20:17:06-03:00,s1,0.04,0.0,33,
2026-09-06T20:17:06-03:00,s2,0.04,0.0,34,
2026-09-06T20:17:36-03:00,s1,0.04,0.0,33,
2026-09-06T20:17:36-03:00,s2,0.04,0.0,34,
2026-09-06T20:18:06-03:00,s1,0.04,0.0,33,
2026-09-06T20:18:06-03:00,s2,0.04,0.0,34,
2026-09-06T20:18:37-03:00,s1,0.04,0.0,33,
2026-09-06T20:18:37-03:00,s2,0.04,0.0,34,
2026-09-06T20:19:07-03:00,s1,0.04,0.0,33,
2026-09-06T20:19:07-03:00,s2,0.04,0.0,34,
2026-09-06T20:19:37-03:00,s1,0.04,0.0,33,
2026-09-06T20:19:37-03:00,s2,0.04,0.0,34,
2026-09-06T20:20:07-03:00,s1,0.04,0.0,33,
2026-09-06T20:20:07-03:00,s2,0.04,0.0,34,
2026-09-06T20:20:37-03:00,s1,0.04,0.0,33,
2026-09-06T20:20:37-03:00,s2,0.04,0.0,34,
2026-09-06T20:21:07-03:00,s1,0.04,0.0,33,
2026-09-06T20:21:07-03:00,s2,0.04,0.0,34,
2026-09-06T20:21:38-03:00,s1,0.04,0.0,33,
2026-09-06T20:21:38-03:00,s2,0.04,0.0,34,
2026-09-06T20:22:08-03:00,s1,0.04,0.0,33,
2026-09-06T20:22:08-03:00,s2,0.04,0.0,34,
2026-09-06T20:22:38-03:00,s1,0.04,0.0,33,
2026-09-06T20:22:38-03:00,s2,0.04,0.0,34,
2026-09-06T20:23:08-03:00,s1,0.04,0.0,33,
2026-09-06T20:23:08-03:00,s2,0.04,0.0,34,
2026-09-06T20:23:38-03:00,s1,0.04,0.0,33,
2026-09-06T20:23:38-03:00,s2,0.04,0.0,34,
2026-09-06T20:24:09-03:00,s1,0.04,0.0,33,
2026-09-06T20:24:09-03:00,s2,0.04,0.0,34,
2026-09-06T20:24:39-03:00,s1,0.04,0.0,33,
2026-09-06T20:24:39-03:00,s2,0.04,0.0,34,
2026-09-06T20:25:09-03:00,s1,0.04,0.0,33,
2026-09-06T20:25:09-03:00,s2,0.04,0.0,34,
2026-09-06T20:25:39-03:00,s1,0.04,0.0,33,
2026-09-06T20:25:39-03:00,s2,0.04,0.0,34,
2026-09-06T20:26:09-03:00,s1,0.04,0.0,33,
2026-09-06T20:26:09-03:00,s2,0.04,0.0,34,
2026-09-06T20:26:40-03:00,s1,0.04,0.0,33,
2026-09-06T20:26:40-03:00,s2,0.04,0.0,34,
2026-09-06T20:27:10-03:00,s1,0.04,0.0,33,
2026-09-06T20:27:10-03:00,s2,0.04,0.0,34,
2026-09-06T20:27:40-03:00,s1,0.04,0.0,33,
2026-09-06T20:27:40-03:00,s2,0.04,0.0,34,
2026-09-06T20:28:10-03:00,s1,0.04,0.0,33,
2026-09-06T20:28:10-03:00,s2,0.04,0.0,34,
2026-09-06T20:28:40-03:00,s1,0.04,0.0,33,
2026-09-06T20:28:40-03:00,s2,0.04,0.0,34,
2026-09-06T20:29:10-03:00,s1,0.04,0.0,33,
2026-09-06T20:29:10-03:00,s2,0.04,0.0,34,
2026-09-06T20:29:41-03:00,s1,0.04,0.0,33,
2026-09-06T20:29:41-03:00,s2,0.04,0.0,34,
2026-09-06T20:30:11-03:00,s1,0.04,0.0,33,
2026-09-06T20:30:11-03:00,s2,0.04,0.0,34,
2026-09-06T20:30:41-03:00,s1,0.04,0.0,33,
2026-09-06T20:30:41-03:00,s2,0.04,0.0,34,
2026-09-06T20:31:12-03:00,s1,0.04,0.0,33,
2026-09-06T20:31:12-03:00,s2,0.04,0.0,34,
2026-09-06T20:31:42-03:00,s1,0.04,0.0,33,
2026-09-06T20:31:42-03:00,s2,0.04,0.0,34,
2026-09-06T20:32:12-03:00,s1,0.04,0.0,33,
2026-09-06T20:32:12-03:00,s2,0.04,0.0,34,
2026-09-06T20:32:42-03:00,s1,0.04,0.0,33,
2026-09-06T20:32:42-03:00,s2,0.04,0.0,34,
2026-09-06T20:33:12-03:00,s1,0.04,0.0,33,
2026-09-06T20:33:12-03:00,s2,0.04,0.0,34,
2026-09-06T20:33:42-03:00,s1,0.04,0.0,33,
2026-09-06T20:33:42-03:00,s2,0.04,0.0,34,
2026-09-06T20:34:13-03:00,s1,0.04,0.0,33,
2026-09-06T20:34:13-03:00,s2,0.04,0.0,34,
2026-09-06T20:34:43-03:00,s1,0.04,0.0,33,
2026-09-06T20:34:43-03:00,s2,0.04,0.0,34,
2026-09-06T20:35:13-03:00,s1,0.04,0.0,33,
2026-09-06T20:35:13-03:00,s2,0.04,0.0,34,
2026-09-06T20:35:43-03:00,s1,0.04,0.0,33,
2026-09-06T20:35:43-03:00,s2,0.04,0.0,34,
2026-09-06T20:36:13-03:00,s1,0.04,0.0,33,
2026-09-06T20:36:13-03:00,s2,0.04,0.0,34,
2026-09-06T20:36:43-03:00,s1,0.04,0.0,33,
2026-09-06T20:36:43-03:00,s2,0.04,0.0,34,
2026-09-06T20:37:14-03:00,s1,0.04,0.0,33,
2026-09-06T20:37:14-03:00,s2,0.04,0.0,34,
2026-09-06T20:37:44-03:00,s1,0.04,0.0,33,
2026-09-06T20:37:44-03:00,s2,0.04,0.0,34,
2026-09-06T20:38:14-03:00,s1,0.04,0.0,33,
2026-09-06T20:38:14-03:00,s2,0.04,0.0,34,
2026-09-06T20:38:44-03:00,s1,0.04,0.0,33,
2026-09-06T20:38:44-03:00,s2,0.04,0.0,34,
2026-09-06T20:39:14-03:00,s1,0.04,0.0,33,
2026-09-06T20:39:14-03:00,s2,0.04,0.0,34,
2026-09-06T20:39:45-03:00,s1,0.04,0.0,33,
2026-09-06T20:39:45-03:00,s2,0.04,0.0,34,
2026-09-06T20:40:15-03:00,s1,0.04,0.0,33,
2026-09-06T20:40:15-03:00,s2,0.04,0.0,34,
2026-09-06T20:40:45-03:00,s1,0.04,0.0,33,
2026-09-06T20:40:45-03:00,s2,0.04,0.0,34,
2026-09-06T20:41:15-03:00,s1,0.04,0.0,33,
2026-09-06T20:41:15-03:00,s2,0.04,0.0,34,
2026-09-06T20:41:45-03:00,s1,0.04,0.0,33,
2026-09-06T20:41:45-03:00,s2,0.04,0.0,34,
2026-09-06T20:42:16-03:00,s1,0.04,0.0,33,
2026-09-06T20:42:16-03:00,s2,0.04,0.0,34,
2026-09-06T20:42:46-03:00,s1,0.04,0.0,33,
2026-09-06T20:42:46-03:00,s2,0.04,0.0,34,
2026-09-06T20:43:17-03:00,s1,0.04,0.0,33,
2026-09-06T20:43:17-03:00,s2,0.04,0.0,34,
2026-09-06T20:43:47-03:00,s1,0.04,0.0,33,
2026-09-06T20:43:47-03:00,s2,0.04,0.0,34,
2026-09-06T20:44:17-03:00,s1,0.04,0.0,33,
2026-09-06T20:44:17-03:00,s2,0.04,0.0,34,
2026-09-06T20:44:48-03:00,s1,0.04,0.0,33,
2026-09-06T20:44:48-03:00,s2,0.04,0.0,34,
2026-09-06T20:45:18-03:00,s1,0.04,0.0,33,
2026-09-06T20:45:18-03:00,s2,0.04,0.0,34,
2026-09-06T20:45:48-03:00,s1,0.04,0.0,33,
2026-09-06T20:45:48-03:00,s2,0.04,0.0,34,
2026-09-06T20:46:18-03:00,s1,0.04,0.0,33,
2026-09-06T20:46:18-03:00,s2,0.04,0.0,34,
2026-09-06T20:46:49-03:00,s1,0.04,0.0,33,
2026-09-06T20:46:49-03:00,s2,0.04,0.0,34,
2026-09-06T20:47:19-03:00,s1,0.04,0.0,33,
2026-09-06T20:47:19-03:00,s2,0.04,0.0,34,
2026-09-06T20:47:49-03:00,s1,0.04,0.0,33,
2026-09-06T20:47:49-03:00,s2,0.04,0.0,34,
